query,label,type
We need to ensure the CDN properly serves the cached maintenance page when the backend stops accepting external traffic.,application-outages,implicit
"If the underlying daemon executing the database hangs, will the orchestrator detect it and restart it?",container-scenarios,implicit
I want to see if our legacy IIS server recovers when the hypervisor drops its guest instance.,kubevirt-outage,implicit
Can we test the video streaming buffer by replicating a connection with high packet loss?,network-chaos,implicit
Let's check if the autoscaler kicks in when a runaway background job pins all the hardware threads.,node-cpu-hog,implicit
How does the message broker handle a situation where the underlying disk is completely saturated with writes from another tenant?,node-io-hog,implicit
Will the kernel panic or just kill our app if there is absolutely no free RAM left on the host?,node-memory-hog,implicit
Ensure the physical host machines reject all incoming administrative connections.,node-network-filter,implicit
I want to verify the cloud autoscaling group immediately replaces a failed EC2 instance.,node-scenarios,implicit
Let's simulate a physical hardware freeze to test our automated IPMI recovery script.,node-scenarios-bm,implicit
Check if the frontend gracefully degrades when the external third-party API is unreachable.,pod-network-chaos,implicit
Use host-level iptables to prevent a specific tenant's workload from dialing out to unapproved external IPs.,pod-network-filter,implicit
Test the resilience of our replica set by simulating random unexpected terminations of the active instances.,pod-scenarios,implicit
We need a full disaster recovery drill where the entire infrastructure suddenly loses electricity.,power-outages,implicit
What happens if a user uploads a file so large it completely exhausts the backend storage quota?,pvc-scenario,implicit
Let's test our GitOps pipeline's ability to rebuild a project if the whole namespace is accidentally wiped.,service-disruption-scenarios,implicit
How does the mobile app handle receiving a fake payload from a compromised backend?,service-hijacking,implicit
Verify the perimeter firewall's capability to drop incomplete TCP handshakes during an attack.,syn-flood,implicit
Will our financial transactions fail validation if the synchronization daemon completely drifts?,time-scenarios,implicit
Test cross-region failover when the primary AWS availability zone loses all connectivity.,zone-outages,implicit
I want to observe the user experience when the main checkout endpoint becomes completely unreachable.,application-outages,implicit
We need to ensure that an unhandled SIGKILL to the main application process triggers a container restart.,container-scenarios,implicit
Check if our OpenShift virtualized database cluster handles the sudden disappearance of a VM node.,kubevirt-outage,implicit
Simulate a highly congested WAN link with 100ms jitter to see how our microservices communicate.,network-chaos,implicit
What happens to the node's readiness status if a crypto-miner malware maximizes all core usage?,node-cpu-hog,implicit
Let's see if the database read latency spikes when the attached storage is overwhelmed by heavy sequential writes.,node-io-hog,implicit
Let's see if the Kubernetes scheduler properly evicts pods when the underlying machine's RAM is completely exhausted.,node-memory-hog,implicit
Let's verify that our microservice retries requests properly when egress traffic is selectively dropped.,pod-network-chaos,implicit
See if the horizontal pod autoscaler can keep up with a rolling wave of application crashes.,pod-scenarios,implicit
I want to measure the downtime if a rogue script deletes all the routing objects and deployments in our tenant space.,service-disruption-scenarios,implicit
Does the cluster monitoring raise a P1 alert if a runaway data pipeline monopolizes the instance's computation cycles?,node-cpu-hog,implicit
I need to confirm that our database avoids the OOM killer when the OS cache completely drains the available physical memory.,node-memory-hog,implicit
How will our application behave if the underlying host SSD is bombarded with maximum sequential writes by another process?,node-io-hog,implicit
Verify that the cloud controller manager successfully detaches volumes from an instance that suddenly goes unreachable.,node-scenarios,implicit
Test the IPMI fencing mechanism by simulating a hard physical freeze on a worker.,node-scenarios-bm,implicit
Can we guarantee that the host-level firewall rules prevent any unauthorized lateral movement at the OS level?,node-network-filter,implicit
How quickly does the deployment controller spin up replacements when a rolling wave of application panics sweeps through the cluster?,pod-scenarios,implicit
Check if the frontend displays a loading skeleton indefinitely when the payment API silently drops packets.,pod-network-chaos,implicit
I want to prove that this specific tenant's workloads are completely isolated from reaching out to the public internet.,pod-network-filter,implicit
We need to ensure the liveness probe fails and triggers a restart if the main Java thread locks up inside its isolated environment.,container-scenarios,implicit
Observe the behavior of the mobile client when the primary REST endpoints return 504 errors continuously.,application-outages,implicit
What is the mean time to recovery if an overly permissive CI/CD script accidentally cleans out the entire logical environment?,service-disruption-scenarios,implicit
Let's evaluate if our frontend is susceptible to displaying spoofed administrative data from a compromised internal endpoint.,service-hijacking,implicit
I need to validate that our perimeter defenses can handle a massive influx of incomplete connection requests without tipping over.,syn-flood,implicit
How does the distributed tracing system behave if the host synchronization agent applies a massive negative offset?,time-scenarios,implicit
We must demonstrate to stakeholders that a complete failure of the eu-central-1a data center won't impact global uptime.,zone-outages,implicit
Simulate a scenario where the entire cluster goes dark simultaneously due to a catastrophic facility failure.,power-outages,implicit
Test the behavior of the application when a rogue logging agent fills up every last block on the attached storage.,pvc-scenario,implicit
Check if the CNV abstraction automatically recreates a legacy Windows VM if the hypervisor loses track of it.,kubevirt-outage,implicit
I want to see how the Kafka brokers handle a situation where the network connection between them becomes severely degraded and lossy.,network-chaos,implicit
Test the application's response time when a neighboring container escapes its cgroups and eats all available processor threads.,node-cpu-hog,implicit
What happens to the node's readiness status when a Java application suffers a massive heap leak?,node-memory-hog,implicit
Let's see if the database read latency spikes when a background backup job completely saturates the storage bus.,node-io-hog,implicit
I need to test the autoscaling group's reaction to a virtual machine being forcefully terminated from the cloud console.,node-scenarios,implicit
Simulate the panic of the horizontal pod autoscaler when half of the active worker threads vanish.,pod-scenarios,implicit
Verify that our microservice retries requests properly when outbound API traffic is selectively restricted.,pod-network-chaos,implicit
Will our JWT validation logic correctly reject tokens if the server clock accidentally jumps 24 hours into the future?,time-scenarios,implicit
What happens if an unbounded cache directory consumes all the provisioned disk capacity on the backend?,pvc-scenario,implicit
I want to verify that our external monitoring tool pages the on-call engineer when the main web app stops resolving.,application-outages,implicit
Test our zero-trust architecture by injecting a malicious proxy that replies with spoofed authorization tokens.,service-hijacking,implicit
"We need to ensure that when a data extraction job writes gigabytes of temp files and hits the disk limit, the system gracefully pauses.",pvc-scenario,implicit
Verify if the sidecar proxy agent will automatically respawn if it gets stuck in an infinite loop and stops responding to system signals.,container-scenarios,implicit
Let's see if the shopping cart microservice can handle losing three of its five replicas unexpectedly during peak Black Friday traffic.,pod-scenarios,implicit
I want to confirm that our external monitoring correctly alerts PagerDuty when the customer-facing portal stops serving pages.,application-outages,implicit
How does the machine learning inference pipeline degrade if a neighboring container starts monopolizing all the hardware execution threads?,node-cpu-hog,implicit
Will the critical system daemons survive if a poorly optimized caching service consumes all available physical RAM on the host?,node-memory-hog,implicit
"Check the latency of our search indexing if the underlying block storage is experiencing massive, continuous read and write operations.",node-io-hog,implicit
I need to ensure the server OS completely ignores any SSH attempts or pings from external IP ranges.,node-network-filter,implicit
Can we guarantee that this compromised workload is entirely blocked from exfiltrating data to the open internet?,pod-network-filter,implicit
How does the inventory service behave if the third-party shipping API starts intermittently dropping our requests?,pod-network-chaos,implicit
Simulate the impact of a degraded transatlantic undersea cable on the host's communication with the European servers.,network-chaos,implicit
What happens to the validity of our TLS certificates if the host OS thinks it's suddenly the year 2030?,time-scenarios,implicit
Test our ingress firewall's ability to survive a massive spike of half-open TCP connections from a malicious botnet.,syn-flood,implicit
Let's observe the behavior of the dashboard if a man-in-the-middle attack intercepts the backend stream and injects malicious HTML.,service-hijacking,implicit
I want to test our disaster recovery playbook for when a rogue developer accidentally deletes everything inside the production project.,service-disruption-scenarios,implicit
Can our multi-cluster architecture route traffic away successfully if the primary datacenter suffers a total blackout?,power-outages,implicit
Verify that our database cluster doesn't suffer a split-brain scenario if an entire AWS availability zone gets partitioned from the network.,zone-outages,implicit
"What's the system's reaction when the cloud provider executes a sudden, ungraceful termination of one of our underlying compute instances?",node-scenarios,implicit
Test the hardware fencing logic when a physical rack server completely freezes and requires an out-of-band management reboot.,node-scenarios-bm,implicit
"If the OpenShift abstraction layer loses connectivity to the underlying legacy VM, does it automatically attempt to recreate it?",kubevirt-outage,implicit
Let's see what happens to the logging daemon when it tries to write to a volume that has absolutely zero free space left.,pvc-scenario,implicit
Does the Kubernetes node change its status to NotReady when an aggressive Java heap leak consumes all physical memory?,node-memory-hog,implicit
I want to evaluate the CPU throttle limits by forcing a synthetic process to calculate pi infinitely on the node.,node-cpu-hog,implicit
How quickly will the Horizontal Pod Autoscaler react if random application instances keep dying every two minutes?,pod-scenarios,implicit
Check if the application recovers when the low-level container runtime unexpectedly terminates the main PID.,container-scenarios,implicit
We need to ensure that users get a friendly error page when all ingress traffic to the frontend is abruptly severed.,application-outages,implicit
Ensure that our load balancers don't crash under the weight of thousands of unacknowledged connection setup requests.,syn-flood,implicit
"Test if our client app validates data schemas by feeding it incorrect, spoofed JSON from a rogue endpoint.",service-hijacking,implicit
"If the master clock is skewed backwards by a month, do our financial ledgers get corrupted?",time-scenarios,implicit
I want to simulate a severely throttled 3G mobile connection right at the host's ethernet interface.,network-chaos,implicit
Replicate a scenario where the main breaker in the datacenter trips unexpectedly.,power-outages,lexical
Simulate a runaway infinite loop bug in a background worker script.,node-cpu-hog,lexical
Verify if our expiring SSL certificates will trigger the correct alerting thresholds.,time-scenarios,lexical
Trigger the disaster recovery failover routing away from the primary geographical region.,zone-outages,lexical
See how the frontend handles receiving a malicious payload from what it thinks is the trusted backend.,service-hijacking,lexical
What happens when the database log rotation fails to run for a week?,pvc-scenario,lexical
Test our mitigation rules against a botnet trying to exhaust our connection tracking table.,syn-flood,lexical
Replicate the conditions of a user accessing the platform from a spotty 3G cellular connection.,network-chaos,lexical
Ensure our monitoring dashboards light up when users get 502 Bad Gateway errors on the main domain.,application-outages,lexical
Determine if the Kubernetes scheduler properly spins up new replicas when random workloads suddenly disappear.,pod-scenarios,lexical
Test the cloud auto-scaling group's ability to replace a dead EC2 instance.,node-scenarios,lexical
How does the platform react if an entire logical grouping of microservices is suddenly uninstalled?,service-disruption-scenarios,lexical
See if the Linux OOM killer targets the correct rogue processes during severe resource starvation.,node-memory-hog,lexical
Create an artificial bottleneck on the storage bus to see how disk-heavy batch jobs degrade.,node-io-hog,lexical
Verify our bare-metal provisioning pipeline can recover a machine after a sudden physical hardware freeze.,node-scenarios-bm,lexical
Check if the kubelet successfully restarts the underlying process when it receives a segmentation fault.,container-scenarios,lexical
Validate the self-healing behavior of legacy monoliths running on our containerized hypervisor when their underlying VM vanishes.,kubevirt-outage,lexical
Prevent this specific microservice from reaching the external payment gateway to test fallback logic.,pod-network-chaos,lexical
Ensure that the backend workload rejects any incoming traffic on its management interface port.,pod-network-filter,lexical
Lock down the underlying host so it refuses all SSH and HTTP traffic at the OS layer.,node-network-filter,lexical
Find out if our distributed tracing timestamps get corrupted when NTP sync is lost.,time-scenarios,lexical
Evaluate if our load balancers can survive thousands of incomplete TCP handshakes per second.,syn-flood,lexical
Check the application's behavior when it receives a 'No space left on device' error from the OS.,pvc-scenario,lexical
Replicate the impact of a crypto-mining malware infecting one of the worker machines.,node-cpu-hog,lexical
Simulate a fiber cut that isolates our primary AWS availability zone from the internet.,zone-outages,lexical
See how the Kafka message queue handles severe jitter and dropped packets between brokers.,network-chaos,lexical
Test if our microservices properly validate JWTs when a compromised internal service returns spoofed authentication tokens.,service-hijacking,lexical
Simulate the panic of the horizontal pod autoscaler when half of the fleet unexpectedly dies.,pod-scenarios,lexical
Find out if the persistent volumes automatically re-attach correctly after the entire cluster loses electricity.,power-outages,lexical
Simulate a scenario where the primary ingress controller stops routing external traffic to the specified backend.,application-outages,lexical
A rogue Java process with a massive heap leak starts thrashing the host.,node-memory-hog,lexical
Check if the scheduled nightly backups trigger at the wrong hour due to a daylight savings bug.,time-scenarios,lexical
Determine if the perimeter firewall drops traffic when malicious actors spam initiation packets without ACKs.,syn-flood,lexical
What happens when our fluentd log aggregator writes too many uncompressed logs to the mount?,pvc-scenario,lexical
Simulate an ungraceful crash of the entire AWS region bringing down every single instance.,power-outages,lexical
Test the cross-region replication lag when the primary us-west datacenter gets isolated from the internet.,zone-outages,lexical
Observe the auto-recreation of custom resources when an administrator accidentally runs a delete-all command on the monitoring project.,service-disruption-scenarios,lexical
Simulate the OOMKilled state where random individual microservices are terminated by the orchestration layer.,pod-scenarios,lexical
Replicate the storage latency caused by a noisy neighbor running massive database dumps on the same physical SAN.,node-io-hog,lexical
Test application responsiveness when a misconfigured ML training job pins all the host threads to 100%.,node-cpu-hog,lexical
See how long it takes for the cluster to notice a worker machine in GCP was preempted or terminated.,node-scenarios,lexical
Verify the PXE boot sequence works correctly after a physical blade server loses and regains power.,node-scenarios-bm,lexical
What is the recovery time when the core application binary segfaults inside its isolated runtime?,container-scenarios,lexical
Evaluate the downtime of a legacy Windows Server workload when its underlying OpenShift CNV abstraction is destroyed.,kubevirt-outage,lexical
Ensure the load balancer returns a 503 custom error page when the backend API routes are completely inaccessible.,application-outages,lexical
Test our zero-trust architecture by injecting a malicious proxy that replies with spoofed authorization tokens.,service-hijacking,lexical
Simulate a severely congested cross-country WAN link by adding 200 milliseconds of round-trip time.,network-chaos,lexical
Find out if the frontend times out gracefully when it cannot reach the payment gateway API due to routing restrictions.,pod-network-chaos,lexical
Verify that the underlying worker machine drops all management SSH attempts before they hit the auth daemon.,node-network-filter,lexical
Ensure that a compromised web frontend cannot establish unauthorized outbound reverse shells.,pod-network-filter,lexical
Simulate an application crash caused by the mounted block storage hitting zero available inodes.,pvc-scenario,lexical
Find out if our financial transaction logs get out of order if the master server's clock drifts backward.,time-scenarios,lexical
Replicate a scenario where caching aggressive redis instances starve the OS kernel of page cache.,node-memory-hog,lexical
Evaluate the cold-start time of the entire infrastructure after a catastrophic grid failure.,power-outages,lexical
Simulate a major BGP route leak that blackholes all traffic to and from our secondary cloud region.,zone-outages,lexical
Wipe clean the entire logical partition containing our staging environment to test CI/CD recreation pipelines.,service-disruption-scenarios,lexical
Can our ingress controllers withstand a barrage of half-open connections originating from spoofed IPs?,syn-flood,lexical
Check if the mobile app falls back to offline mode when the primary REST endpoints stop resolving.,application-outages,lexical
Measure how fast the replica set scales back up when half of the active worker threads suddenly vanish.,pod-scenarios,lexical
Test the automated recovery of a virtualized SQL server when the hypervisor orchestrator loses track of it.,kubevirt-outage,lexical
We need to prove to the auditors that our disaster recovery plan actually works if the entire physical datacenter goes offline.,power-outages,lexical
How does the monitoring dashboard react when a server gets stuck processing a massive backlog of unoptimized video renders?,node-cpu-hog,lexical
Are our DDoS mitigation appliances configured correctly to handle massive malicious traffic spikes at the perimeter?,syn-flood,lexical
Can the legacy Windows application survive if the virtualization layer beneath it unexpectedly vanishes?,kubevirt-outage,lexical
I want to test the log rotation alerting. What happens if a log file grows infinitely and consumes all available space?,pvc-scenario,lexical
What is the blast radius to our active users if an entire AWS region drops off the map?,zone-outages,lexical
I need to ensure our microservices don't blindly trust internal traffic if a bad actor compromises an endpoint and serves fake data.,service-hijacking,lexical
Will our financial transactions fail validation if a server's synchronization daemon completely drifts?,time-scenarios,lexical
Let's test the hardware provisioning script by simulating someone yanking the power cord on the physical rack.,node-scenarios-bm,lexical
I need to simulate a user connecting to the platform from a moving train with a terrible cellular signal.,network-chaos,lexical
Can we verify if a strict firewall lockdown at the host OS level properly shields the underlying services?,node-network-filter,lexical
What happens when the core Java process crashes but the orchestration layer thinks the pod is still healthy?,container-scenarios,lexical
We need to verify that our GitOps pipeline can rebuild the entire staging environment from scratch if someone accidentally drops it.,service-disruption-scenarios,lexical
Let's see what the customer sees when the main checkout page suddenly starts returning timeouts and 503s.,application-outages,lexical
I suspect a severe memory leak in the new release; let's simulate the host running completely dry to see what gets killed first.,node-memory-hog,lexical
How does the database perform when the underlying SAN is being hammered by other noisy tenants?,node-io-hog,lexical
How well does the platform handle unexpected scale-down events caused by random kernel panics in the fleet?,pod-scenarios,lexical
Ensure the backend database rejects unauthorized connections from non-whitelisted workloads sharing the same cluster.,pod-network-filter,lexical
What is the impact on the message queue if its consumers suddenly lose their routing to the internet?,pod-network-chaos,lexical
Let's verify the cloud provider's auto-healing features by forcing a worker node into a terminated state.,node-scenarios,lexical
What happens if a user uploads a file so large it completely maxes out the assigned storage quota on the backend?,pvc-scenario,lexical
We need to verify if upcoming daylight savings time changes will break our distributed cronjob scheduling.,time-scenarios,lexical
I want to verify if our ingress controller will tip over during a massive botnet connection attempt.,syn-flood,lexical
How does the system prioritize which processes to kill when the entire server starts swapping heavily?,node-memory-hog,lexical
Can our multi-region active-active setup seamlessly handle the loss of the us-east-1 routing?,zone-outages,lexical
We need to test how our frontend handles receiving malicious JSON payloads from what it thinks is the trusted backend API.,service-hijacking,lexical
Simulate a scenario where the primary cloud provider pulls the plug on our entire account without warning.,power-outages,lexical
Test the application's read/write timeouts when the underlying storage throughput becomes severely degraded.,node-io-hog,lexical
Let's test the kubelet's liveness probes by simulating a hung main process inside the wrapper.,container-scenarios,lexical
We need to test the automated failover of our virtualized databases running on top of OpenShift.,kubevirt-outage,lexical
Drop all database tables by wiping the entire logical boundary.,service-disruption-scenarios,paraphrase
Consume 100 percent of the processing cores on the underlying hardware.,node-cpu-hog,paraphrase
Generate massive amounts of dummy files to max out the attached disk space.,pvc-scenario,paraphrase
Intercept inbound requests and serve a fake 500 Internal Server Error instead.,service-hijacking,paraphrase
Push a massive volume of half-open TCP requests to the target port.,syn-flood,paraphrase
Turn off all worker and control plane instances simultaneously for twenty minutes.,power-outages,paraphrase
Forcefully stop and then restart the underlying cloud virtual machine.,node-scenarios,paraphrase
Use baseboard management controller credentials to hard reset the physical server.,node-scenarios-bm,paraphrase
Alter the system clock forward by 5 hours on a specific worker.,time-scenarios,paraphrase
Isolate a whole cloud region by dropping all packets at the VPC level.,zone-outages,paraphrase
Prevent a specific microservice from reaching out to external APIs via network restrictions.,pod-network-chaos,paraphrase
Inject artificial delay and jitter into the host's primary ethernet interface.,network-chaos,paraphrase
Send a termination signal to the Docker process running the database.,container-scenarios,paraphrase
Completely exhaust the available Random Access Memory on the worker machine.,node-memory-hog,paraphrase
Overload the storage drive on the host machine with constant sequential writes.,node-io-hog,paraphrase
Apply low-level packet filtering rules directly onto the host's network interfaces.,node-network-filter,paraphrase
Deploy a privileged daemon to block specific incoming ports right at the workload level.,pod-network-filter,paraphrase
Evict the currently running instances of the frontend deployment.,pod-scenarios,paraphrase
Make the main ingress routes completely inaccessible for a specific duration.,application-outages,paraphrase
Erase the KubeVirt virtual machine object and verify it spins back up.,kubevirt-outage,paraphrase
Max out the disk utilization of the persistent claim until it hits full capacity.,pvc-scenario,paraphrase
Sever all ingress and egress capabilities for an entire sub-network in the cloud.,zone-outages,paraphrase
Simulate a blackout by shutting down the entire platform infrastructure.,power-outages,paraphrase
Spike the read and write operations on the underlying host to create a bottleneck.,node-io-hog,paraphrase
Bombard the service with connection initiation packets without completing the handshake.,syn-flood,paraphrase
Spin up threads to artificially max out the master node's processors.,node-cpu-hog,paraphrase
Erase the entire namespace and all the resources contained within it.,service-disruption-scenarios,paraphrase
Kill the underlying container runtime process for a specific component.,container-scenarios,paraphrase
Cut off internet access to a specific running web component.,pod-network-chaos,paraphrase
Reroute legitimate traffic away from the intended destination to our own endpoint.,service-hijacking,paraphrase
Make the web service unreachable for external clients for ten minutes.,application-outages,paraphrase
Send a hang-up signal to the main process inside the docker runtime.,container-scenarios,paraphrase
Delete the guest operating system instance from the hypervisor.,kubevirt-outage,paraphrase
Throttle the bandwidth and introduce latency on the master's ethernet port.,network-chaos,paraphrase
Saturate the processors on a target compute instance.,node-cpu-hog,paraphrase
Hammer the local block storage with constant read and write ops.,node-io-hog,paraphrase
Fill up the physical RAM on the worker machine to cause an out-of-memory state.,node-memory-hog,paraphrase
Apply iptables rules on the host to drop incoming connections on port 8080.,node-network-filter,paraphrase
Reboot the virtualized compute nodes on the AWS backend.,node-scenarios,paraphrase
Trigger a hard power cycle on the physical bare-metal hardware.,node-scenarios-bm,paraphrase
Block egress traffic for a specific group of containers using labels.,pod-network-chaos,paraphrase
Inject a privileged workload to firewall off specific TCP ports for a running app.,pod-network-filter,paraphrase
Randomly crash active replicas in the production deployment.,pod-scenarios,paraphrase
Simulate a complete facility blackout by stopping all cluster machines.,power-outages,paraphrase
Write junk data to the attached volume until it runs out of free blocks.,pvc-scenario,paraphrase
Purge all resources inside the etcd project scope.,service-disruption-scenarios,paraphrase
Steal HTTP traffic from the target app and return custom JSON payloads.,service-hijacking,paraphrase
Overwhelm the target's transmission control protocol queue with incomplete handshakes.,syn-flood,paraphrase
Desynchronize the system clock on the worker by a few days.,time-scenarios,paraphrase
Isolate an availability zone by dropping all traffic at the virtual private cloud level.,zone-outages,paraphrase
Run stress workers to peg the system load average to maximum.,node-cpu-hog,paraphrase
Create a severe disk bottleneck on the underlying worker.,node-io-hog,paraphrase
Force the operating system to start swapping heavily by eating all free memory.,node-memory-hog,paraphrase
Turn off the cluster as if the cloud provider pulled the plug.,power-outages,paraphrase
Initiate a massive wave of connection setups without acknowledging the server's response.,syn-flood,paraphrase
Consume all remaining inodes and storage space on the mounted drive.,pvc-scenario,paraphrase
Terminate the OpenShift CNV guest instance to test automatic recreation.,kubevirt-outage,paraphrase
Disrupt the ingress routes so end users get timeout errors.,application-outages,paraphrase
Deploy a rogue web server to intercept and mock the API responses.,service-hijacking,paraphrase
Skew the date backward on the host to see if TLS certificates fail validation.,time-scenarios,paraphrase
Halt all user requests going into the main web portal.,application-outages,paraphrase
Terminate the docker process executing the API.,container-scenarios,paraphrase
Crash the virtualized environment hosted on KubeVirt.,kubevirt-outage,paraphrase
Artificially slow down the outgoing packets from the master server.,network-chaos,paraphrase
Create a synthetic load to max out the host's processors.,node-cpu-hog,paraphrase
Saturate the disk throughput on the worker instance.,node-io-hog,paraphrase
Drain all available RAM on the underlying compute node.,node-memory-hog,paraphrase
Use iptables on the worker node to reject incoming port 80 traffic.,node-network-filter,paraphrase
Execute a forced restart on the cloud provider's compute instance.,node-scenarios,paraphrase
Perform a cold boot via IPMI on the physical data center rack.,node-scenarios-bm,paraphrase
Block outbound connectivity for a specific set of microservices.,pod-network-chaos,paraphrase
Deploy a daemon to firewall specific ports on a running application.,pod-network-filter,paraphrase
Randomly terminate active instances of the backend service.,pod-scenarios,paraphrase
Simulate a total datacenter failure by turning off all machines.,power-outages,paraphrase
Consume all the provisioned disk capacity on the attached block storage.,pvc-scenario,paraphrase
Clear out an entire project space and all its active components.,service-disruption-scenarios,paraphrase
Capture live traffic and respond with custom mock data.,service-hijacking,paraphrase
Barrage the target service with incomplete TCP handshake initialization packets.,syn-flood,paraphrase
Desync the system clock on the database pod.,time-scenarios,paraphrase
Isolate a specific availability zone by cutting off all VPC routing.,zone-outages,paraphrase
Starve the node of CPU cycles by launching aggressive stress threads.,node-cpu-hog,paraphrase
Sever the ingress pathways making the frontend totally unresponsive.,application-outages,paraphrase
Write gigabytes of random bytes until the mounted volume is 100% full.,pvc-scenario,paraphrase
Annihilate all objects residing within the specified logical boundary.,service-disruption-scenarios,paraphrase
Exhaust the target's connection backlog with dummy TCP SYN requests.,syn-flood,paraphrase
Corrupt the network link by introducing massive packet drops on the interface.,network-chaos,paraphrase
Perform a man-in-the-middle reroute to serve a dummy HTTP response.,service-hijacking,paraphrase
Falsify the current date on the worker to test certificate expiry handling.,time-scenarios,paraphrase
Forcefully evict the running replica set of the cache service.,pod-scenarios,paraphrase
Eradicate the OpenShift CNV instance and monitor its self-healing.,kubevirt-outage,paraphrase
